{
  "0xdac17f958d2ee523a2206206994597c13d831ec7": {
    "address": "0xdAC17F958D2ee523a2206206994597C13D831ec7",
    "normalizedAddress": "0xdac17f958d2ee523a2206206994597c13d831ec7",
    "isValid": true,
    "isContract": true,
    "isVerified": true,
    "isBlacklisted": false,
    "isWhitelisted": true,
    "knownContract": {
      "name": "USDT",
      "type": "Stablecoin",
      "trustScore": 95,
      "verified": true
    },
    "etherscanData": null,
    "riskScore": 0,
    "riskLevel": "low",
    "warnings": [],
    "recommendations": [
      "✅ Адрес в белом списке",
      "📋 Известный контракт: USDT (Stablecoin)"
    ],
    "timestamp": 1770924888454,
    "checkDuration": 0
  }
}